{"cameraMode":{"drawMode":0,"name":"Shaded","section":"Shading Mode"},"sceneLighting":true,"audioPlay":false,"sceneViewState":{"m_AlwaysRefresh":false,"showFog":true,"showSkybox":true,"showFlares":true,"showImageEffects":true,"showParticleSystems":true,"showVisualEffectGraphs":true,"m_FxEnabled":true},"in2DMode":false,"pivot":{"x":6.975965976715088,"y":0.5901808738708496,"z":1.4943366050720215},"rotation":{"x":0.07682070881128311,"y":-0.9108602404594421,"z":0.35413601994514468,"w":0.19757847487926484},"size":10.977998733520508,"orthographic":false}